{
  "Canari": [
    {
      "Protocols": [
        {
          "J1939": [
            {
              "RX_PGN": [
			  {
                "SPN": [
		  {
                    "Bit_Offset": 0,
                    "Byte_Offset": 1,
                    "Description": "Driver's Demand Engine Pct Torque",
                    "GUID": 1001,
                    "Max_Error": 100,
                    "Max_Warning": 90,
                    "Maximum": 125,
                    "Min_Error": -100,
                    "Min_Warning": -50,
                    "Minimum": -125,
                    "Number_of_Bits": 8,
                    "SPN": 512,
                    "Type": 0,
                    "Units": "%",
                    "Units_Offset": -125,
                    "Units_Per_Bit": 1,
                    "status_conv": null
                  },
                  {
                    "Bit_Offset": 0,
                    "Byte_Offset": 3,
                    "Description": "Engine Speed",
                    "GUID": 1002,
                    "Max_Error": 2900,
                    "Max_Warning": 2800,
                    "Maximum": 3000,
                    "Min_Error": 100,
                    "Min_Warning": 200,
                    "Minimum": 0,
                    "Number_of_Bits": 16,
                    "SPN": 190,
                    "Type": 0,
                    "Units": "RPM",
                    "Units_Offset": 0,
                    "Units_Per_Bit": 0.125,
                    "status_conv": null
                  },
		  {
                    "Bit_Offset": 0,
                    "Byte_Offset": 2,
                    "Description": "Actual Engine Percent Torque",
                    "GUID": 1003,
                    "Max_Error": 100,
                    "Max_Warning": 90,
                    "Maximum": 125,
                    "Min_Error": -100,
                    "Min_Warning": -50,
                    "Minimum": -125,
                    "Number_of_Bits": 8,
                    "SPN": 513,
                    "Type": 0,
                    "Units": "%",
                    "Units_Offset": -125,
                    "Units_Per_Bit": 1,
                    "status_conv": null
                  }                
		],       
		"CAN_Port": 1,
                "PGN": 61444,
                "addr": 255,
                "msg_length": 8,
                "period": 10,
                "priority": 6,
                "spn_count": 3
              },
		{
                "SPN": [
                  {
                    "Bit_Offset": 0,
                    "Byte_Offset": 0,
                    "Description": "Engine Coolant Temperature",
                    "GUID": 1004,
                    "Max_Error": 200,
                    "Max_Warning": 190,
                    "Maximum": 210,
                    "Min_Error": -30,
                    "Min_Warning": -20,
                    "Minimum": -40,
                    "Number_of_Bits": 8,
                    "SPN": 110,
                    "Type": 0,
                    "Units": "°C",
                    "Units_Offset": -40,
                    "Units_Per_Bit": 1,
                    "status_conv": null
                  },
		  {
                    "Bit_Offset": 0,
                    "Byte_Offset":1,
                    "Description": "Engine Fuel Temperature1",
                    "GUID": 1005,
                    "Max_Error": 200,
                    "Max_Warning": 190,
                    "Maximum": 210,
                    "Min_Error": -30,
                    "Min_Warning": -20,
                    "Minimum": -40,
                    "Number_of_Bits": 8,
                    "SPN": 174,
                    "Type": 0,
                    "Units": "°C",
                    "Units_Offset": -40,
                    "Units_Per_Bit": 1,
                    "status_conv": null
                  },
		  {
                    "Bit_Offset": 0,
                    "Byte_Offset": 2,
                    "Description": "Engine Oil Temperature",
                    "GUID": 1006,
                    "Max_Error": 1600,
                    "Max_Warning": 1500,
                    "Maximum": 1735,
                    "Min_Error": -250,
                    "Min_Warning": -220,
                    "Minimum": -273,
                    "Number_of_Bits": 16,
                    "SPN": 175,
                    "Type": 0,
                    "Units": "°C",
                    "Units_Offset": -273,
                    "Units_Per_Bit": 0.03125,
                    "status_conv": null
                  },
		  {
                    "Bit_Offset": 0,
                    "Byte_Offset": 4,
                    "Description": "Engine Turbo Oil Temperature",
                    "GUID": 1007,
                    "Max_Error": 1600,
                    "Max_Warning": 1500,
                    "Maximum": 1735,
                    "Min_Error": -250,
                    "Min_Warning": -220,
                    "Minimum": -273,
                    "Number_of_Bits": 16,
                    "SPN": 176,
                    "Type": 0,
                    "Units": "°C",
                    "Units_Offset": -273,
                    "Units_Per_Bit": 0.03125,
                    "status_conv": null
                  },
		  {
                    "Bit_Offset": 0,
                    "Byte_Offset": 6,
                    "Description": "Engine Intercooler Temperature",
                    "GUID": 1008,
                    "Max_Error": 200,
                    "Max_Warning": 190,
                    "Maximum": 210,
                    "Min_Error": -30,
                    "Min_Warning": -20,
                    "Minimum": -40,
                    "Number_of_Bits": 8,
                    "SPN": 52,
                    "Type": 0,
                    "Units": "°C",
                    "Units_Offset": -40,
                    "Units_Per_Bit": 1,
                    "status_conv": null
                  },
		  {
                    "Bit_Offset": 0,
                    "Byte_Offset": 7,
                    "Description": "Engine Intercooler ThermosatOpen",
                    "GUID": 1009,
                    "Max_Error": 90,
                    "Max_Warning": 85,
                    "Maximum": 100,
                    "Min_Error": 10,
                    "Min_Warning":20,
                    "Minimum": 0,
                    "Number_of_Bits": 8,
                    "SPN": 1134,
                    "Type": 0,
                    "Units": "%",
                    "Units_Offset": 0,
                    "Units_Per_Bit": 0.4,
                    "status_conv": null
                  }
                ],
                "CAN_Port": 1,
                "PGN": 65262,
                "addr": 255,
                "msg_length": 8,
                "period": 1000,
                "priority": 6,
                "spn_count": 6
              },
	      {
                "SPN": [
		  {
                    "Bit_Offset": 0,
                    "Byte_Offset": 0,
                    "Description": "WasherFluidLevel",
                    "GUID": 1010,
                    "Max_Error": 90,
                    "Max_Warning": 80,
                    "Maximum": 100,
                    "Min_Error": 10,
                    "Min_Warning": 20,
                    "Minimum": 0,
                    "Number_of_Bits": 8,
                    "SPN": 80,
                    "Type": 0,
                    "Units": "%",
                    "Units_Offset": 0,
                    "Units_Per_Bit": 0.4,
                    "status_conv": null
                  }           
		],       
		"CAN_Port": 1,
                "PGN": 65276,
                "addr": 255,
                "msg_length": 8,
                "period": 10,
                "priority": 6,
                "spn_count": 1
              }
		],
              "J1939_Config": {
                "INDUSTRY_GROUP": 4,
                "VECHILE_SYSTEM": 102,
                "VECHILE_SYSTEM_INSTANCE": 13,
                "FUNCTION": 205,
                "FUNCTION_INSTANCE": 25,
                "ECU_INSTANCE": 5,
                "MANFACTURE_CODE": 1646,
                "IDENTITY_NUMBER": 904653
              }
            }
          ],
          "Modbus": [],
          "Ethernet": []
        }
      ]
    }
  ]
}
